{
    "wer_value": 3.753488302230835,
    "latency": 1.1128258199055991,
    "energy": 128.28880000273386,
    "flops": "751.3 GFLOPS"
}