{
    "wer_value": 3.3509600162506104,
    "latency": 1.8351214214124176,
    "energy": 54.43341228209044,
    "flops": "132.39 TFLOPS"
}