{
    "wer_value": 9.213333129882812,
    "latency": 1.098557193153783,
    "energy": 11.645459431305266,
    "flops": "10.21 TFLOPS"
}