{
    "wer_value": 28.216279983520508,
    "latency": 0.8404356453959149,
    "energy": 129.9412200021744,
    "flops": "617.84 GFLOPS"
}