{
    "wer_value": 20.299999237060547,
    "latency": 1.6030098234477796,
    "energy": 45.623339912347625,
    "flops": "107.9 TFLOPS"
}