{
    "wer_value": 0.9937047362327576,
    "latency": 0.12047969938579356,
    "energy": 2.641231360665539,
    "flops": "9.08 TFLOPS"
}