{
    "wer_value": 9.213333129882812,
    "latency": 1.1003059563887747,
    "energy": 11.631437502409282,
    "flops": "10.21 TFLOPS"
}