{
    "wer_value": 20.883333206176758,
    "latency": 0.10099617064626591,
    "energy": 2.6409868425444554,
    "flops": "12.8 TFLOPS"
}