{
    "wer_value": 8.134883880615234,
    "latency": 0.34951892890930175,
    "energy": 93.81820333957673,
    "flops": "11.03 TFLOPS"
}