{
    "wer_value": 9.359999656677246,
    "latency": 1.0828500205592106,
    "energy": 11.64839802499403,
    "flops": "10.21 TFLOPS"
}