{
    "wer_value": 8.195348739624023,
    "latency": 8.373709375813803,
    "energy": 961.2696200005213,
    "flops": "8.58 TFLOPS"
}