{
    "wer_value": 6.613953590393066,
    "latency": 0.2522939473202354,
    "energy": 4.96600109652469,
    "flops": null
}