{
    "wer_value": 0.995278537273407,
    "latency": 0.12275400282207287,
    "energy": 2.679577849936067,
    "flops": "9.08 TFLOPS"
}