{
    "wer_value": 1.9965375661849976,
    "latency": 1.437465910259046,
    "energy": 15.518565791740754,
    "flops": null
}