{
    "wer_value": 6.613953590393066,
    "latency": 0.07775924057006835,
    "energy": 16.333873325983685,
    "flops": "806.5 GFLOPS"
}