{
    "wer_value": 31.72333335876465,
    "latency": 0.9722850277549341,
    "energy": 20.325286180826655,
    "flops": null
}