{
    "wer_value": 3.753488302230835,
    "latency": 0.04363453399658203,
    "energy": 2.9354233344395957,
    "flops": "3.15 TFLOPS"
}