{
    "wer_value": 2.918604612350464,
    "latency": 0.9193938614694694,
    "energy": 9.608298246274915,
    "flops": "8.7 TFLOPS"
}