{
    "wer_value": 8.181395530700684,
    "latency": 0.6605584716796875,
    "energy": 60.31847666581472,
    "flops": "44.13 TFLOPS"
}