{
    "wer_value": 3.753488302230835,
    "latency": 0.06926369867826764,
    "energy": 2.314842104911804,
    "flops": "3.15 TFLOPS"
}