{
    "wer_value": 6.609302520751953,
    "latency": 2.599500489501953,
    "energy": 298.41865000406904,
    "flops": "806.5 GFLOPS"
}