{
    "wer_value": 12.095349311828613,
    "latency": 1.352854839124178,
    "energy": 27.695713818073273,
    "flops": null
}