{
    "wer_value": 6.613953590393066,
    "latency": 0.26331992821944394,
    "energy": 7.728924337186311,
    "flops": null
}