{
    "wer_value": 6.490697860717773,
    "latency": 0.25138838677657277,
    "energy": 6.498414472529762,
    "flops": null
}