{
    "wer_value": 3.753488302230835,
    "latency": 0.032462475783030194,
    "energy": 7.449036664962769,
    "flops": "751.3 GFLOPS"
}