{
    "wer_value": 31.899999618530273,
    "latency": 1.4077565789473685,
    "energy": 16.07927960523388,
    "flops": null
}