{
    "wer_value": 2.8372092247009277,
    "latency": 0.7443758448550577,
    "energy": 14.418440790552841,
    "flops": "2.89 TFLOPS"
}