{
    "wer_value": 29.899999618530273,
    "latency": 0.9701102584035772,
    "energy": 20.038834432238026,
    "flops": null
}