{
    "wer_value": 6.613953590393066,
    "latency": 0.12908639389038087,
    "energy": 7.782273330688477,
    "flops": null
}