{
    "wer_value": 56.939998626708984,
    "latency": 1.939170564350329,
    "energy": 19.248597589501163,
    "flops": "12.09 TFLOPS"
}