{
    "wer_value": 8.153488159179688,
    "latency": 0.9708955720600329,
    "energy": 52.949095393482004,
    "flops": "44.13 TFLOPS"
}