{
    "wer_value": 2.746511697769165,
    "latency": 1.014838154039885,
    "energy": 10.52962390529482,
    "flops": "8.66 TFLOPS"
}