{
    "wer_value": 1.725841999053955,
    "latency": 1.7735813759251642,
    "energy": 23.503548246726655,
    "flops": null
}