{
    "wer_value": 20.883333206176758,
    "latency": 0.10358256530761718,
    "energy": 2.618108553321738,
    "flops": "12.8 TFLOPS"
}