{
    "wer_value": 31.71666717529297,
    "latency": 1.5017343107524672,
    "energy": 17.902699559926987,
    "flops": null
}