{
    "wer_value": 3.7511627674102783,
    "latency": 0.08471654490420692,
    "energy": 2.044020832630626,
    "flops": "9.46 TFLOPS"
}