{
    "wer_value": 8.193333625793457,
    "latency": 1.1235731393914474,
    "energy": 11.780735746287464,
    "flops": "9.82 TFLOPS"
}