{
    "wer_value": 8.134883880615234,
    "latency": 1.4299011391087582,
    "energy": 41.51552631562216,
    "flops": "104.31 TFLOPS"
}