{
    "wer_value": 11.116278648376465,
    "latency": 1.416980520148026,
    "energy": 15.54091885842775,
    "flops": null
}