{
    "wer_value": 10.34666633605957,
    "latency": 2.198026810495477,
    "energy": 63.28214912404094,
    "flops": "111.01 TFLOPS"
}