{
    "wer_value": 3.074418544769287,
    "latency": 0.2999109442647298,
    "energy": 43.03970333258311,
    "flops": "665.53 GFLOPS"
}