{
    "wer_value": 30.06999969482422,
    "latency": 1.1410340672543176,
    "energy": 27.22943311825133,
    "flops": null
}