{
    "wer_value": 1.9965375661849976,
    "latency": 1.4133769659745066,
    "energy": 15.394378289841768,
    "flops": null
}