{
    "wer_value": 3.753488302230835,
    "latency": 0.115392872057463,
    "energy": 2.3626743413900075,
    "flops": "9.46 TFLOPS"
}