{
    "wer_value": 3.0232558250427246,
    "latency": 0.5948651920572917,
    "energy": 21.653356668154398,
    "flops": "2.89 TFLOPS"
}