{
    "wer_value": 31.72333335876465,
    "latency": 0.9814691740337171,
    "energy": 20.432679825707485,
    "flops": null
}