{
    "wer_value": 10.220000267028809,
    "latency": 1.6683042763157894,
    "energy": 48.43908004436577,
    "flops": "114.28 TFLOPS"
}