{
    "wer_value": 14.334883689880371,
    "latency": 1.2393468701171875,
    "energy": 48.9808399995168,
    "flops": null
}